epoch,rx_pkts,age_ms,remote_state
1783368052,115,0.7,3
1783368053,229,5.8,3
1783368054,345,2.7,3
1783368055,458,1.5,3
1783368056,571,6.0,3
1783368057,686,1.3,3
1783368058,800,5.4,3
1783368059,914,4.2,3
1783368060,1028,9.5,3
1783368061,1143,4.4,3
1783368062,1257,2.6,3
1783368063,1370,7.5,3
1783368064,1483,1.8,3
1783368065,1598,8.2,3
1783368066,1713,8.2,3
1783368067,1827,6.1,3
1783368068,1942,6.9,3
1783368069,2057,4.0,3
1783368070,2172,1.3,3
1783368071,2286,3.8,3
1783368072,2401,2.7,3
1783368073,2516,0.5,3
1783368074,2631,2.3,3
1783368075,2745,6.0,3
1783368076,2860,3.9,3
1783368077,2974,1.4,3
1783368078,3089,1.4,3
1783368079,3203,4.5,3
1783368080,3317,1.9,3
1783368081,3432,1.3,3
1783368082,3546,4.1,3
1783368083,3659,3.2,3
1783368084,3772,7.4,3
1783368085,3886,8.6,3
1783368086,4000,8.7,3
1783368087,4113,7.8,3
1783368088,4228,1.3,3
1783368089,4341,8.6,3
1783368090,4455,0.3,3
1783368091,4567,5.1,3
1783368092,4681,3.0,3
1783368093,4795,0.7,3
1783368094,4911,0.8,3
1783368095,5003,205.8,1
1783368096,5038,4.1,3
1783368097,5148,6.2,3
1783368098,5180,3.1,1
1783368099,5272,0.7,3
1783368100,5365,4.8,3
1783368101,5479,8.3,3
1783368102,5593,2.3,3
1783368103,5707,8.2,3
1783368104,5821,4.6,3
1783368105,5935,7.3,3
1783368106,6051,3.9,3
1783368107,6166,3.4,3
1783368108,6279,8.8,3
1783368109,6392,6.1,3
1783368110,6507,6.2,3
1783368111,6623,1.4,3
1783368112,6736,6.0,3
1783368113,6852,4.1,3
1783368114,6966,4.6,3
1783368115,7077,4.1,3
1783368116,7191,0.8,3
1783368117,7304,9.1,3
1783368118,7419,7.2,3
1783368119,7532,6.6,3
1783368120,7645,3.5,3
1783368121,7759,5.6,3
1783368122,7873,2.3,3
1783368123,7988,7.3,3
1783368124,8101,7.5,3
1783368125,8214,5.8,3
1783368126,8329,3.0,3
1783368127,8442,4.2,3
1783368128,8556,4.6,3
1783368129,8671,3.9,3
1783368130,8784,8.0,3
1783368131,8897,1.2,3
1783368132,9009,6.4,3
1783368133,9123,3.9,3
1783368134,9238,1.7,3
1783368135,9352,1.8,3
1783368136,9465,8.8,3
1783368137,9581,1.9,3
1783368138,9694,8.0,3
1783368139,9807,9.8,3
1783368140,9921,8.6,3
1783368141,10035,4.1,3
1783368142,10150,2.1,3
1783368143,10263,6.4,3
1783368144,10375,8.7,3
1783368145,10489,7.6,3
1783368146,10605,0.2,3
1783368147,10716,4.6,3
1783368148,10831,5.2,3
1783368149,10947,0.7,3
1783368150,11062,2.2,3
1783368151,11176,1.5,3
1783368152,11289,6.4,3
1783368153,11407,7.3,3
1783368154,11510,75.4,1
1783368155,11604,3.4,3
1783368156,11719,1.7,3
1783368157,11833,4.9,3
1783368158,11950,2.9,3
1783368159,12064,5.6,3
1783368160,12178,3.8,3
1783368161,12292,5.4,3
1783368162,12406,9.6,3
1783368163,12520,8.1,3
1783368164,12635,5.4,3
1783368165,12751,2.6,3
1783368166,12865,6.6,3
1783368167,12979,8.9,3
1783368168,13093,7.6,3
1783368169,13208,8.2,3
1783368170,13323,4.5,3
1783368171,13436,3.8,3
1783368172,13552,2.5,3
1783368173,13667,0.9,3
1783368174,13781,3.5,3
1783368175,13895,8.3,3
1783368176,14011,3.8,3
1783368177,14125,6.1,3
1783368178,14239,6.8,3
1783368179,14350,55.5,1
1783368180,14451,4.6,3
1783368181,14565,1.5,3
1783368182,14666,6.4,3
1783368183,14772,7.1,3
1783368184,14885,4.9,3
1783368185,14999,1.5,3
1783368186,15112,7.6,3
1783368187,15225,5.4,3
1783368188,15340,5.1,3
1783368189,15450,8.3,3
1783368190,15566,7.8,3
1783368191,15680,6.8,3
1783368192,15793,8.8,3
1783368193,15908,1.6,3
1783368194,16022,0.5,3
1783368195,16138,0.3,3
1783368196,16252,2.8,3
1783368197,16366,2.2,3
1783368198,16480,0.2,3
1783368199,16594,1.4,3
1783368200,16708,5.9,3
1783368201,16821,7.2,3
1783368202,16935,5.3,3
1783368203,17049,5.8,3
1783368204,17164,7.9,3
1783368205,17279,1.7,3
1783368206,17393,4.4,3
1783368207,17508,4.5,3
1783368208,17621,5.4,3
1783368209,17735,2.2,3
1783368210,17848,3.2,3
1783368211,17961,7.1,3
1783368212,18076,1.7,3
1783368213,18189,3.0,3
1783368214,18303,8.8,3
1783368215,18418,5.7,3
1783368216,18533,2.7,3
1783368217,18647,8.9,3
1783368218,18761,7.6,3
1783368219,18875,7.5,3
1783368220,18988,2.2,3
1783368221,19102,7.5,3
1783368222,19217,6.3,3
1783368223,19333,1.7,3
1783368224,19447,1.5,3
1783368225,19561,0.2,3
1783368226,19675,2.8,3
1783368227,19788,4.9,3
1783368228,19900,5.9,3
1783368229,20015,0.1,3
1783368230,20127,9.0,3
1783368231,20242,5.2,3
1783368232,20355,6.2,3
1783368233,20470,1.1,3
1783368234,20585,0.9,3
1783368235,20699,8.3,3
1783368236,20814,4.4,3
1783368237,20929,2.8,3
1783368238,21041,3.5,3
1783368239,21154,8.6,3
1783368240,21270,2.2,3
1783368241,21384,1.8,3
1783368242,21498,4.5,3
1783368243,21612,1.6,3
1783368244,21726,0.2,3
1783368245,21840,1.8,3
1783368246,21953,7.8,3
1783368247,22067,5.2,3
1783368248,22181,1.9,3
1783368249,22295,6.5,3
1783368250,22410,6.5,3
1783368251,22526,1.8,3
1783368252,22640,2.9,3
1783368253,22755,1.4,3
1783368254,22868,7.5,3
1783368255,22983,4.5,3
1783368256,23098,7.7,3
1783368257,23213,2.8,3
1783368258,23324,5.8,3
1783368259,23438,0.6,3
1783368260,23553,9.6,3
1783368261,23668,1.0,3
1783368262,23780,6.4,3
1783368263,23894,0.4,3
1783368264,24009,1.1,3
1783368265,24123,6.1,3
1783368266,24238,2.4,3
1783368267,24353,1.3,3
1783368268,24468,1.4,3
1783368269,24581,3.1,3
1783368270,24695,6.3,3
1783368271,24810,1.1,3
1783368272,24925,1.0,3
1783368273,25039,0.2,3
1783368274,25153,2.7,3
1783368275,25267,1.0,3
1783368276,25380,6.2,3
1783368277,25494,7.4,3
1783368278,25608,0.6,3
1783368279,25723,5.8,3
1783368280,25837,2.7,3
1783368281,25952,0.8,3
1783368282,26066,3.4,3
1783368283,26179,7.0,3
1783368284,26293,7.5,3
1783368285,26409,0.4,3
1783368286,26522,4.3,3
1783368287,26637,5.8,3
1783368288,26751,5.4,3
1783368289,26864,8.5,3
1783368290,26979,1.1,3
1783368291,27093,1.1,3
1783368292,27207,1.8,3
1783368293,27322,2.0,3
1783368294,27436,3.7,3
1783368295,27550,3.0,3
1783368296,27666,0.6,3
1783368297,27781,5.9,3
1783368298,27894,8.6,3
1783368299,28009,7.5,3
1783368300,28124,5.6,3
1783368301,28239,2.5,3
1783368302,28355,1.7,3
1783368303,28468,7.5,3
1783368304,28583,1.6,3
1783368305,28696,8.7,3
1783368306,28811,2.2,3
1783368307,28923,4.7,3
1783368308,29038,1.0,3
1783368309,29151,5.9,3
1783368310,29265,2.0,3
1783368311,29379,6.4,3
1783368312,29494,7.0,3
1783368313,29610,3.8,3
1783368314,29725,0.8,3
1783368315,29838,5.9,3
1783368316,29953,2.3,3
1783368317,30067,2.6,3
1783368318,30179,6.4,3
1783368319,30293,8.5,3
1783368320,30408,1.7,3
1783368321,30521,5.2,3
1783368322,30636,0.7,3
1783368323,30750,1.2,3
1783368324,30864,8.6,3
1783368325,30977,8.7,3
1783368326,31090,1.8,3
1783368327,31206,0.3,3
1783368328,31318,7.0,3
1783368329,31431,4.0,3
1783368330,31545,3.3,3
1783368331,31660,2.4,3
1783368332,31773,4.7,3
1783368333,31889,1.2,3
1783368334,32002,6.7,3
1783368335,32117,2.5,3
1783368336,32230,6.3,3
1783368337,32345,1.0,3
1783368338,32456,8.7,3
1783368339,32570,1.3,3
1783368340,32683,9.2,3
1783368341,32798,6.1,3
1783368342,32912,0.7,3
1783368343,33026,1.2,3
1783368344,33140,5.7,3
1783368345,33254,3.7,3
1783368346,33370,1.2,3
1783368347,33485,7.3,3
1783368348,33600,5.2,3
1783368349,33713,9.1,3
1783368350,33827,7.7,3
1783368351,33943,4.5,3
1783368352,34058,4.1,3
1783368353,34171,4.6,3
1783368354,34286,5.8,3
1783368355,34399,8.7,3
1783368356,34513,0.4,3
1783368357,34625,2.7,3
1783368358,34740,6.6,3
1783368359,34854,4.0,3
1783368360,34968,4.1,3
1783368361,35082,2.7,3
1783368362,35195,6.3,3
1783368363,35310,2.2,3
1783368364,35425,2.5,3
1783368365,35542,0.7,3
1783368366,35655,4.7,3
1783368367,35769,5.2,3
1783368368,35885,0.4,3
1783368369,36000,2.5,3
1783368370,36114,4.3,3
1783368371,36228,3.6,3
1783368372,36341,3.5,3
1783368373,36455,4.7,3
1783368374,36569,5.6,3
1783368375,36683,6.3,3
1783368376,36797,5.0,3
1783368377,36911,5.7,3
1783368378,37026,6.3,3
1783368379,37139,7.0,3
1783368380,37254,4.1,3
1783368381,37368,6.9,3
1783368382,37483,0.2,3
1783368383,37597,4.4,3
1783368384,37710,6.5,3
1783368385,37825,1.7,3
1783368386,37939,9.6,3
1783368387,38053,1.2,3
1783368388,38167,0.1,3
1783368389,38281,0.8,3
1783368390,38395,6.1,3
1783368391,38508,6.4,3
1783368392,38623,2.8,3
1783368393,38737,0.3,3
1783368394,38850,3.1,3
1783368395,38965,1.0,3
1783368396,39078,8.6,3
1783368397,39193,3.3,3
1783368398,39307,4.4,3
1783368399,39423,4.0,3
1783368400,39538,2.7,3
1783368401,39652,6.9,3
1783368402,39767,1.1,3
1783368403,39879,0.8,3
1783368404,39993,2.0,3
1783368405,40108,1.2,3
1783368406,40221,6.3,3
1783368407,40337,6.5,3
1783368408,40451,3.3,3
1783368409,40565,7.1,3
1783368410,40679,6.2,3
1783368411,40793,6.3,3
1783368412,40906,1.9,3
1783368413,41020,3.8,3
1783368414,41133,7.9,3
1783368415,41249,1.0,3
1783368416,41362,6.0,3
1783368417,41475,8.8,3
1783368418,41589,3.1,3
1783368419,41703,0.0,3
1783368420,41817,4.2,3
1783368421,41931,8.3,3
1783368422,42044,3.8,3
1783368423,42158,8.1,3
1783368424,42273,1.1,3
1783368425,42387,5.4,3
1783368426,42502,7.2,3
1783368427,42617,5.7,3
1783368428,42733,7.2,3
1783368429,42846,6.7,3
1783368430,42961,6.8,3
1783368431,43076,3.5,3
1783368432,43190,0.1,3
1783368433,43304,1.1,3
1783368434,43417,3.9,3
1783368435,43532,4.0,3
1783368436,43646,7.1,3
1783368437,43762,0.1,3
1783368438,43875,2.0,3
1783368439,43990,7.6,3
1783368440,44103,9.2,3
1783368441,44216,3.2,3
1783368442,44331,2.5,3
1783368443,44444,3.8,3
1783368444,44558,8.2,3
1783368445,44672,6.8,3
1783368446,44786,6.3,3
1783368447,44900,6.2,3
1783368448,45016,0.4,3
1783368449,45129,5.7,3
1783368450,45243,1.5,3
1783368451,45358,5.5,3
1783368452,45471,2.3,3
1783368453,45585,4.7,3
1783368454,45700,2.6,3
1783368455,45815,1.2,3
1783368456,45930,1.6,3
1783368457,46044,2.8,3
1783368458,46158,4.0,3
1783368459,46271,7.7,3
1783368460,46385,7.9,3
1783368461,46500,7.3,3
1783368462,46615,0.8,3
1783368463,46728,5.1,3
1783368464,46842,4.8,3
1783368465,46956,2.8,3
1783368466,47072,8.3,3
1783368467,47187,4.1,3
1783368468,47301,4.7,3
1783368469,47416,6.9,3
1783368470,47529,5.1,3
1783368471,47643,2.7,3
1783368472,47758,4.4,3
1783368473,47873,4.5,3
1783368474,47987,0.1,3
1783368475,48102,2.8,3
1783368476,48217,9.4,3
1783368477,48332,2.6,3
1783368478,48446,8.5,3
1783368479,48559,5.2,3
1783368480,48671,9.8,3
1783368481,48786,1.4,3
1783368482,48901,0.2,3
1783368483,49016,7.7,3
1783368484,49132,3.8,3
1783368485,49245,2.5,3
1783368486,49359,1.9,3
1783368487,49473,0.8,3
1783368488,49588,6.1,3
1783368489,49702,4.9,3
1783368490,49817,6.0,3
1783368491,49932,5.5,3
1783368492,50049,0.1,3
1783368493,50163,3.4,3
1783368494,50277,3.0,3
1783368495,50391,0.7,3
1783368496,50504,0.0,3
1783368497,50617,7.5,3
1783368498,50732,0.7,3
1783368499,50846,6.4,3
1783368500,50960,3.3,3
1783368501,51075,7.4,3
1783368502,51190,6.6,3
1783368503,51304,7.1,3
1783368504,51417,3.5,3
1783368505,51531,3.3,3
1783368506,51646,1.4,3
1783368507,51762,6.5,3
1783368508,51876,0.6,3
1783368509,51991,1.4,3
1783368510,52104,0.5,3
1783368511,52217,5.1,3
1783368512,52331,2.1,3
1783368513,52445,5.6,3
1783368514,52559,7.5,3
1783368515,52675,0.6,3
1783368516,52790,3.6,3
1783368517,52903,2.1,3
1783368518,53016,6.0,3
1783368519,53130,2.6,3
1783368520,53244,3.9,3
1783368521,53358,7.1,3
1783368522,53474,0.7,3
1783368523,53588,5.6,3
1783368524,53702,4.8,3
1783368525,53817,1.9,3
1783368526,53930,4.4,3
1783368527,54044,5.0,3
1783368528,54158,3.2,3
1783368529,54272,6.3,3
1783368530,54386,7.2,3
1783368531,54502,4.3,3
1783368532,54614,4.2,3
1783368533,54729,1.3,3
1783368534,54842,3.9,3
1783368535,54955,0.2,3
1783368536,55069,5.8,3
1783368537,55184,1.3,3
1783368538,55298,3.6,3
1783368539,55413,7.2,3
1783368540,55526,4.3,3
1783368541,55639,1.6,3
1783368542,55754,6.5,3
1783368543,55869,1.9,3
1783368544,55983,7.0,3
1783368545,56097,8.5,3
1783368546,56212,3.9,3
1783368547,56326,2.9,3
1783368548,56439,4.9,3
1783368549,56554,3.0,3
1783368550,56668,5.0,3
1783368551,56781,4.2,3
1783368552,56896,8.1,3
1783368553,57010,1.3,3
1783368554,57124,3.8,3
1783368555,57237,6.5,3
1783368556,57351,0.4,3
1783368557,57465,2.3,3
1783368558,57578,7.7,3
1783368559,57692,1.4,3
1783368560,57806,0.9,3
1783368561,57922,3.1,3
1783368562,58036,5.9,3
1783368563,58151,0.9,3
1783368564,58265,6.3,3
1783368565,58379,5.0,3
1783368566,58493,8.4,3
1783368567,58608,3.0,3
1783368568,58720,1.9,3
1783368569,58834,0.7,3
1783368570,58948,5.0,3
1783368571,59064,1.1,3
1783368572,59179,4.8,3
1783368573,59292,8.8,3
1783368574,59408,1.9,3
1783368575,59520,4.0,3
1783368576,59634,1.5,3
1783368577,59746,2.6,3
1783368578,59859,3.7,3
1783368579,59972,5.5,3
1783368580,60088,0.6,3
1783368581,60202,0.0,3
1783368582,60315,6.5,3
1783368583,60428,4.1,3
1783368584,60542,1.6,3
1783368585,60655,8.8,3
1783368586,60771,1.0,3
1783368587,60884,6.6,3
1783368588,60997,0.4,3
1783368589,61109,6.3,3
1783368590,61225,0.8,3
1783368591,61339,0.1,3
1783368592,61453,3.0,3
1783368593,61567,5.4,3
1783368594,61681,3.7,3
1783368595,61796,1.2,3
1783368596,61908,4.6,3
1783368597,62022,8.0,3
1783368598,62136,6.4,3
1783368599,62251,5.1,3
1783368600,62365,2.3,3
1783368601,62480,2.6,3
1783368602,62593,8.2,3
1783368603,62706,5.0,3
1783368604,62820,5.4,3
1783368605,62934,2.3,3
1783368606,63048,2.3,3
1783368607,63162,0.9,3
1783368608,63275,0.9,3
1783368609,63388,6.8,3
1783368610,63501,6.7,3
1783368611,63616,3.0,3
1783368612,63728,6.1,3
1783368613,63842,4.9,3
1783368614,63956,1.3,3
1783368615,64068,2.2,3
1783368616,64181,9.4,3
1783368617,64295,8.0,3
1783368618,64409,8.4,3
1783368619,64525,5.5,3
1783368620,64640,2.1,3
1783368621,64754,3.4,3
1783368622,64868,6.3,3
1783368623,64982,2.0,3
1783368624,65094,5.5,3
1783368625,65207,7.4,3
1783368626,65322,2.4,3
1783368627,65438,8.5,3
1783368628,65553,4.3,3
1783368629,65668,0.9,3
1783368630,65781,5.9,3
1783368631,65894,3.4,3
1783368632,66006,9.6,3
1783368633,66120,1.8,3
1783368634,66233,7.4,3
1783368635,66348,3.9,3
1783368636,66462,6.3,3
1783368637,66577,9.2,3
1783368638,66692,1.0,3
1783368639,66806,0.0,3
1783368640,66918,2.8,3
1783368641,67032,1.0,3
1783368642,67146,0.6,3
1783368643,67258,8.2,3
1783368644,67371,6.1,3
1783368645,67485,7.9,3
1783368646,67599,5.9,3
1783368647,67714,8.8,3
1783368648,67828,2.0,3
1783368649,67942,8.4,3
1783368650,68057,5.9,3
1783368651,68171,8.8,3
1783368652,68286,6.5,3
1783368653,68400,4.7,3
1783368654,68514,7.5,3
1783368655,68628,3.1,3
1783368656,68742,5.4,3
1783368657,68857,1.7,3
1783368658,68971,1.7,3
1783368659,69085,4.0,3
1783368660,69199,5.4,3
1783368661,69314,3.0,3
1783368662,69427,8.6,3
1783368663,69541,3.8,3
1783368664,69655,2.2,3
1783368665,69769,1.8,3
1783368666,69884,1.4,3
1783368667,69996,7.9,3
1783368668,70111,4.1,3
1783368669,70225,2.2,3
1783368670,70339,3.0,3
1783368671,70452,5.0,3
1783368672,70568,2.4,3
1783368673,70681,6.8,3
1783368674,70796,2.4,3
1783368675,70911,6.9,3
1783368676,71026,0.6,3
1783368677,71141,2.0,3
1783368678,71255,5.9,3
1783368679,71369,2.7,3
1783368680,71484,7.5,3
1783368681,71598,4.5,3
1783368682,71712,0.2,3
1783368683,71826,4.7,3
1783368684,71942,0.4,3
1783368685,72056,5.5,3
1783368686,72171,1.3,3
1783368687,72285,9.0,3
1783368688,72399,4.2,3
1783368689,72514,4.4,3
1783368690,72631,0.6,3
1783368691,72745,0.5,3
1783368692,72859,7.4,3
1783368693,72975,0.2,3
1783368694,73088,8.1,3
1783368695,73202,7.6,3
1783368696,73316,6.5,3
1783368697,73430,1.6,3
1783368698,73542,5.3,3
1783368699,73658,3.3,3
1783368700,73773,6.5,3
1783368701,73886,6.4,3
1783368702,74000,4.0,3
1783368703,74116,6.0,3
1783368704,74230,5.5,3
1783368705,74344,2.1,3
1783368706,74456,5.9,3
1783368707,74571,7.5,3
1783368708,74685,5.7,3
1783368709,74800,2.7,3
1783368710,74915,2.0,3
1783368711,75030,0.6,3
1783368712,75145,2.6,3
1783368713,75258,5.2,3
1783368714,75372,1.4,3
1783368715,75487,7.6,3
1783368716,75602,5.8,3
1783368717,75715,8.8,3
1783368718,75831,3.2,3
1783368719,75944,5.6,3
1783368720,76060,4.2,3
1783368721,76174,6.6,3
1783368722,76289,6.2,3
1783368723,76405,3.4,3
1783368724,76519,8.6,3
1783368725,76635,1.5,3
1783368726,76747,8.7,3
1783368727,76861,3.7,3
1783368728,76977,1.8,3
1783368729,77092,3.3,3
1783368730,77207,1.6,3
1783368731,77320,2.7,3
1783368732,77433,4.3,3
1783368733,77547,9.0,3
1783368734,77660,4.9,3
1783368735,77773,8.5,3
1783368736,77886,6.1,3
1783368737,78000,7.1,3
1783368738,78114,0.3,3
1783368739,78228,2.1,3
1783368740,78343,3.0,3
1783368741,78382,2.1,3
epoch,rx_pkts,age_ms,remote_state,alive
1783368920,2,0.0,3,1
1783368921,36,2.3,3,1
1783368922,150,6.2,3,1
1783368923,265,1.7,3,1
1783368924,379,1.4,3,1
1783368925,493,0.3,3,1
1783368926,605,2.3,3,1
1783368927,719,2.7,3,1
1783368928,833,4.4,3,1
1783368929,947,1.8,3,1
1783368930,1061,2.4,3,1
1783368931,1176,0.0,3,1
1783368932,1289,8.6,3,1
1783368933,1403,7.6,3,1
1783368934,1516,3.9,3,1
1783368935,1629,2.9,3,1
1783368936,1743,4.1,3,1
1783368937,1859,0.8,3,1
1783368938,1974,2.3,3,1
1783368939,2087,7.8,3,1
1783368940,2200,6.8,3,1
1783368941,2314,3.1,3,1
1783368942,2427,6.8,3,1
1783368943,2543,0.7,3,1
1783368944,2655,6.2,3,1
1783368945,2770,1.5,3,1
1783368946,2884,7.3,3,1
1783368947,3000,2.2,3,1
1783368948,3114,5.4,3,1
1783368949,3228,5.8,3,1
1783368950,3342,4.0,3,1
1783368951,3457,6.8,3,1
1783368952,3572,5.6,3,1
1783368953,3688,5.8,3,1
1783368954,3791,3.2,3,1
1783368955,3905,6.3,3,1
1783368956,4020,0.7,3,1
1783368957,4135,1.6,3,1
1783368958,4249,6.6,3,1
1783368959,4363,4.8,3,1
1783368960,4478,4.3,3,1
1783368961,4591,6.6,3,1
1783368962,4705,8.3,3,1
1783368963,4820,6.3,3,1
1783368964,4933,2.0,3,1
1783368965,5047,6.2,3,1
1783368966,5163,0.1,3,1
1783368967,5278,5.9,3,1
1783368968,5393,0.8,3,1
1783368969,5507,3.5,3,1
1783368970,5623,0.9,3,1
1783368971,5736,6.9,3,1
1783368972,5851,3.2,3,1
1783368973,5966,0.9,3,1
1783368974,6080,4.2,3,1
1783368975,6194,5.2,3,1
1783368976,6308,6.6,3,1
1783368977,6423,5.4,3,1
1783368978,6537,6.8,3,1
1783368979,6651,4.5,3,1
1783368980,6765,1.5,3,1
1783368981,6880,5.4,3,1
1783368982,6994,3.2,3,1
1783368983,7108,1.9,3,1
1783368984,7219,6.5,3,1
1783368985,7332,4.1,3,1
1783368986,7379,631.2,3,0
1783368987,7379,1632.6,3,0
1783368988,7379,2634.0,3,0
1783368989,7379,3635.4,3,0
1783368990,7379,4636.7,3,0
1783368991,7379,5638.1,3,0
1783368992,7379,6639.5,3,0
1783368993,7379,7640.8,3,0
1783368994,7379,8642.2,3,0
1783368995,7379,9643.4,3,0
1783368996,7379,10544.7,3,0
1783368997,7379,11545.9,3,0
1783368998,7379,12547.3,3,0
1783368999,7379,13548.7,3,0
1783369000,7379,14550.1,3,0
1783369001,7379,15551.3,3,0
1783369002,7379,16552.7,3,0
1783369003,7379,17554.1,3,0
1783369004,7379,18555.5,3,0
1783369005,7379,19556.9,3,0
1783369006,7379,20558.3,3,0
1783369007,7379,21559.7,3,0
1783369008,7379,22561.0,3,0
1783369009,7379,23562.4,3,0
1783369010,7379,24563.7,3,0
1783369011,7379,25565.0,3,0
1783369012,7448,7.3,3,1
1783369013,7564,3.0,3,1
1783369014,7678,5.4,3,1
1783369015,7793,5.6,3,1
1783369016,7908,5.7,3,1
1783369017,8023,5.2,3,1
1783369018,8139,6.2,3,1
1783369019,8255,8.5,3,1
1783369020,8369,7.1,3,1
1783369021,8483,3.5,3,1
1783369022,8598,3.1,3,1
1783369023,8713,4.4,3,1
1783369024,8827,4.7,3,1
1783369025,8942,2.5,3,1
1783369026,9055,3.2,3,1
1783369027,9169,1.5,3,1
1783369028,9283,7.7,3,1
1783369029,9398,0.9,3,1
1783369030,9513,0.1,3,1
1783369031,9627,6.2,3,1
1783369032,9742,8.0,3,1
1783369033,9859,2.3,3,1
1783369034,9973,3.0,3,1
1783369035,10087,3.0,3,1
1783369036,10201,3.1,3,1
1783369037,10315,3.7,3,1
1783369038,10429,4.3,3,1
1783369039,10542,6.4,3,1
1783369040,10657,3.8,3,1
1783369041,10772,5.2,3,1
1783369042,10887,2.9,3,1
1783369043,11000,3.9,3,1
1783369044,11114,5.2,3,1
1783369045,11228,7.1,3,1
1783369046,11342,4.8,3,1
1783369047,11456,0.3,3,1
1783369048,11570,2.9,3,1
1783369049,11685,2.3,3,1
1783369050,11799,0.9,3,1
epoch,rx_pkts,age_ms,remote_state,alive
1783369232,1,0.8,3,1
1783369233,69,6.2,3,1
1783369234,184,5.5,3,1
1783369235,296,4.4,3,1
1783369236,409,2.5,3,1
1783369237,522,7.4,3,1
1783369238,637,3.9,3,1
1783369239,753,2.9,3,1
1783369240,865,8.3,3,1
1783369241,981,0.2,3,1
1783369242,1096,0.2,3,1
1783369243,1209,4.7,3,1
1783369244,1323,2.2,3,1
1783369245,1436,3.0,3,1
1783369246,1550,7.8,3,1
1783369247,1664,2.9,3,1
1783369248,1779,8.7,3,1
1783369249,1894,7.0,3,1
1783369250,2010,5.8,3,1
1783369251,2124,2.9,3,1
1783369252,2237,0.9,3,1
1783369253,2351,2.0,3,1
1783369254,2464,9.0,3,1
1783369255,2578,6.9,3,1
1783369256,2693,1.6,3,1
1783369257,2806,7.5,3,1
1783369258,2918,9.1,3,1
1783369259,3034,0.5,3,1
1783369260,3148,4.8,3,1
1783369261,3262,6.6,3,1
1783369262,3377,3.1,3,1
1783369263,3492,3.2,3,1
1783369264,3604,7.7,3,1
1783369265,3718,5.8,3,1
1783369266,3832,2.9,3,1
1783369267,3933,6.6,3,1
1783369268,4047,7.5,3,1
1783369269,4162,3.1,3,1
1783369270,4276,5.4,3,1
1783369271,4392,1.8,3,1
1783369272,4508,0.4,3,1
1783369273,4607,155.3,1,1
1783369274,4607,1155.9,1,1
1783369275,4607,2156.5,1,1
1783369276,4607,3204.1,1,0
1783369277,4607,4204.9,1,0
1783369278,4607,5205.4,1,0
1783369279,4607,6205.8,1,0
1783369280,4607,7206.4,1,0
1783369281,4607,8206.7,1,0
1783369282,4607,9207.3,1,0
1783369283,4607,10207.7,1,0
1783369284,4607,11208.1,1,0
1783369285,4700,3.8,3,1
1783369286,4814,4.3,3,1
1783369287,4929,4.3,3,1
1783369288,5044,0.2,3,1
1783369289,5156,9.0,3,1
1783369290,5271,6.3,3,1
1783369291,5385,1.6,3,1
1783369292,5498,7.5,3,1
1783369293,5576,8.9,3,1
1783369294,5689,6.5,3,1
1783369295,5805,0.9,3,1
1783369296,5919,6.7,3,1
1783369297,6034,2.5,3,1
1783369298,6152,3.9,3,1
1783369299,6265,7.9,3,1
1783369300,6378,8.5,3,1
1783369301,6493,5.7,3,1
1783369302,6609,2.9,3,1
1783369303,6724,5.0,3,1
1783369304,6838,4.1,3,1
1783369305,6953,3.2,3,1
1783369306,7067,4.6,3,1
1783369307,7113,631.8,3,0
1783369308,7113,1632.4,3,0
1783369309,7113,2633.2,3,0
1783369310,7113,3633.8,3,0
1783369311,7113,4634.7,3,0
1783369312,7113,5635.5,3,0
1783369313,7113,6635.9,3,0
1783369314,7113,7636.4,3,0
1783369315,7113,8636.8,3,0
1783369316,7113,9637.7,3,0
1783369317,7113,10638.2,3,0
1783369318,7150,2.8,3,1
1783369319,7265,3.2,3,1
1783369320,7384,5.6,3,1
1783369321,7499,6.2,3,1
1783369322,7606,1.5,3,1
1783369323,7722,2.1,3,1
1783369324,7837,3.8,3,1
1783369325,7855,6.9,3,1
1783369326,7969,5.0,3,1
1783369327,8083,6.6,3,1
1783369328,8198,3.7,3,1
1783369329,8230,730.3,1,1
1783369330,8319,3.0,3,1
1783369331,8433,1.8,3,1
1783369332,8546,4.2,3,1
1783369333,8666,1.1,3,1
1783369334,8780,1.1,3,1
1783369335,8895,1.6,3,1
1783369336,9009,3.5,3,1
1783369337,9123,8.6,3,1
1783369338,9237,2.2,3,1
1783369339,9352,4.2,3,1
1783369340,9423,431.2,3,0
1783369341,9423,1432.2,3,0
1783369342,9423,2432.9,3,0
1783369343,9423,3433.7,3,0
1783369344,9423,4434.3,3,0
1783369345,9423,5434.8,3,0
1783369346,9423,6435.4,3,0
1783369347,9423,7436.2,3,0
1783369348,9423,8436.7,3,0
1783369349,9423,9437.2,3,0
1783369350,9423,10437.8,3,0
1783369351,9437,4.6,3,1
1783369352,9524,258.0,1,1
1783369353,9581,4.3,3,1
1783369354,9697,1.6,3,1
1783369355,9811,6.0,3,1
1783369356,9928,2.4,3,1
1783369357,10042,3.2,3,1
1783369358,10155,9.1,3,1
1783369359,10270,6.4,3,1
1783369360,10383,4.6,3,1
1783369361,10497,1.4,3,1
1783369362,10612,0.8,3,1
1783369363,10712,133.2,1,1
1783369364,10755,1.2,3,1
1783369365,10869,15.4,1,1
1783369366,10986,2.7,3,1
1783369367,11096,6.4,3,1
1783369368,11208,7.5,3,1
1783369369,11323,1.5,3,1
1783369370,11431,7.2,3,1
1783369371,11545,7.2,3,1
1783369372,11580,711.1,1,1
1783369373,11658,231.3,3,0
1783369374,11658,1232.0,3,0
1783369375,11658,2232.4,3,0
1783369376,11658,3233.0,3,0
1783369377,11658,4233.8,3,0
1783369378,11658,5234.2,3,0
1783369379,11658,6234.8,3,0
1783369380,11658,7235.4,3,0
1783369381,11658,8236.0,3,0
1783369382,11658,9236.7,3,0
1783369383,11658,10237.4,3,0
1783369384,11658,11238.0,3,0
1783369385,11658,12238.5,3,0
1783369386,11658,13239.1,3,0
1783369387,11658,14239.4,3,0
1783369388,11658,15239.9,3,0
1783369389,11658,16240.4,3,0
1783369390,11658,17241.1,3,0
1783369391,11658,18241.5,3,0
1783369392,11658,19242.0,3,0
1783369393,11658,20242.4,3,0
1783369394,11658,21243.0,3,0
1783369395,11658,22243.6,3,0
1783369396,11658,23244.3,3,0
1783369397,11658,24245.1,3,0
1783369398,11658,25245.6,3,0
1783369399,11658,26246.1,3,0
1783369400,11658,27246.8,3,0
1783369401,11658,28247.4,3,0
1783369402,11658,29248.1,3,0
1783369403,11658,30248.8,3,0
1783369404,11658,31249.6,3,0
1783369405,11658,32250.4,3,0
1783369406,11658,33250.8,3,0
1783369407,11658,34251.7,3,0
1783369408,11658,35252.6,3,0
1783369409,11658,36253.7,3,0
1783369410,11658,37254.6,3,0
1783369411,11658,38256.1,3,0
1783369412,11658,39257.1,3,0
1783369413,11658,40257.7,3,0
1783369414,11658,41258.4,3,0
1783369415,11658,42259.4,3,0
1783369416,11658,43259.9,3,0
1783369417,11658,44260.5,3,0
1783369418,11658,45261.2,3,0
1783369419,11658,46261.8,3,0
1783369420,11658,47262.3,3,0
1783369421,11658,48263.7,3,0
1783369422,11658,49264.2,3,0
1783369423,11658,50265.3,3,0
1783369424,11658,51266.0,3,0
1783369425,11658,52266.6,3,0
1783369426,11658,53267.1,3,0
1783369427,11658,54267.9,3,0
1783369428,11658,55268.4,3,0
1783369429,11658,56269.0,3,0
1783369430,11658,57269.7,3,0
1783369431,11658,58271.1,3,0
1783369432,11658,59272.5,3,0
1783369433,11658,60273.9,3,0
1783369434,11658,61275.4,3,0
1783369435,11658,62276.8,3,0
1783369436,11658,63278.2,3,0
1783369437,11658,64179.4,3,0
1783369438,11658,65180.9,3,0
1783369439,11658,66182.2,3,0
1783369440,11658,67183.4,3,0
1783369441,11658,68184.9,3,0
1783369442,11658,69186.4,3,0
1783369443,11658,70187.8,3,0
1783369444,11658,71189.1,3,0
1783369445,11658,72190.6,3,0
1783369446,11658,73192.0,3,0
1783369447,11658,74193.3,3,0
1783369448,11658,75194.7,3,0
1783369449,11658,76196.1,3,0
1783369450,11658,77197.4,3,0
1783369451,11658,78198.7,3,0
1783369452,11658,79200.0,3,0
1783369453,11658,80201.4,3,0
1783369454,11658,81202.7,3,0
1783369455,11658,82204.1,3,0
1783369456,11658,83205.5,3,0
1783369457,11658,84206.9,3,0
1783369458,11658,85208.8,3,0
1783369459,11658,86210.1,3,0
1783369460,11658,87211.5,3,0
1783369461,11658,88213.0,3,0
1783369462,11658,89214.4,3,0
1783369463,11658,90215.9,3,0
1783369464,11658,91217.2,3,0
1783369465,11658,92218.7,3,0
1783369466,11658,93220.1,3,0
1783369467,11658,94221.5,3,0
1783369468,11658,95222.9,3,0
1783369469,11658,96224.2,3,0
1783369470,11658,97225.7,3,0
1783369471,11658,98227.0,3,0
1783369472,11658,99228.5,3,0
1783369473,11658,100229.8,3,0
epoch,rx_pkts,age_ms,remote_state,alive
1783369725,1,1.5,3,1
1783369726,103,4.1,3,1
1783369727,217,5.1,3,1
1783369728,331,4.2,3,1
1783369729,446,0.8,3,1
1783369730,560,5.0,3,1
1783369731,673,5.5,3,1
1783369732,789,6.4,3,1
1783369733,904,0.9,3,1
1783369734,1016,9.6,3,1
1783369735,1132,1.7,3,1
1783369736,1245,8.4,3,1
1783369737,1358,5.4,3,1
1783369738,1471,7.5,3,1
1783369739,1584,6.0,3,1
1783369740,1698,2.5,3,1
1783369741,1813,1.9,3,1
1783369742,1927,6.1,3,1
1783369743,2040,2.8,3,1
1783369744,2154,0.5,3,1
1783369745,2271,1.9,3,1
1783369746,2378,5.9,3,1
1783369747,2492,3.9,3,1
1783369748,2605,5.3,3,1
1783369749,2719,1.0,3,1
1783369750,2830,7.8,3,1
1783369751,2942,3.9,3,1
1783369752,3043,8.0,3,1
1783369753,3157,7.8,3,1
1783369754,3272,2.9,3,1
1783369755,3387,7.8,3,1
1783369756,3479,234.3,3,0
1783369757,3479,1234.6,3,0
1783369758,3479,2235.0,3,0
1783369759,3479,3235.6,3,0
1783369760,3479,4236.0,3,0
1783369761,3479,5236.5,3,0
1783369762,3479,6237.0,3,0
1783369763,3479,7237.4,3,0
1783369764,3479,8237.7,3,0
1783369765,3479,9238.2,3,0
1783369766,3479,10238.5,3,0
1783369767,3479,11239.1,3,0
1783369768,3583,6.8,3,1
1783369769,3697,4.3,3,1
1783369770,3811,0.8,3,1
1783369771,3929,3.1,3,1
1783369772,4043,0.7,3,1
1783369773,4157,0.6,3,1
1783369774,4272,5.6,3,1
1783369775,4386,5.3,3,1
1783369776,4500,7.5,3,1
1783369777,4614,6.1,3,1
1783369778,4728,3.4,3,1
1783369779,4843,7.3,3,1
1783369780,4957,6.5,3,1
1783369781,5071,5.7,3,1
1783369782,5186,3.0,3,1
1783369783,5300,0.1,3,1
1783369784,5414,6.5,3,1
1783369785,5530,6.4,3,1
1783369786,5645,2.0,3,1
1783369787,5760,3.7,3,1
1783369788,5876,0.9,3,1
1783369789,5991,8.4,3,1
1783369790,6108,5.7,3,1
1783369791,6223,3.5,3,1
1783369792,6337,2.4,3,1
1783369793,6451,6.3,3,1
1783369794,6565,6.0,3,1
1783369795,6679,1.5,3,1
1783369796,6792,5.7,3,1
1783369797,6907,2.0,3,1
1783369798,7022,4.9,3,1
1783369799,7138,3.4,3,1
1783369800,7255,9.8,3,1
1783369801,7370,6.4,3,1
1783369802,7398,734.7,3,0
1783369803,7398,1735.3,3,0
1783369804,7398,2735.5,3,0
1783369805,7398,3736.1,3,0
1783369806,7398,4736.5,3,0
1783369807,7398,5736.8,3,0
1783369808,7398,6737.4,3,0
1783369809,7398,7737.9,3,0
1783369810,7398,8738.2,3,0
1783369811,7398,9738.7,3,0
1783369812,7398,10739.0,3,0
1783369813,7458,7.5,3,1
1783369814,7575,0.2,3,1
1783369815,7688,7.8,3,1
1783369816,7803,6.0,3,1
1783369817,7917,4.9,3,1
1783369818,8032,6.7,3,1
1783369819,8146,1.4,3,1
1783369820,8261,4.5,3,1
1783369821,8373,5.0,3,1
1783369822,8487,1.7,3,1
1783369823,8601,7.9,3,1
1783369824,8716,9.3,3,1
1783369825,8831,5.9,3,1
1783369826,8945,2.8,3,1
1783369827,9059,5.1,3,1
1783369828,9176,5.9,3,1
1783369829,9291,2.5,3,1
1783369830,9405,8.1,3,1
1783369831,9520,4.5,3,1
1783369832,9635,1.8,3,1
1783369833,9747,6.2,3,1
1783369834,9863,1.1,3,1
1783369835,9977,1.3,3,1
1783369836,10090,7.1,3,1
1783369837,10205,3.5,3,1
1783369838,10308,4.8,3,1
1783369839,10421,8.8,3,1
1783369840,10537,1.2,3,1
1783369841,10651,7.7,3,1
1783369842,10766,2.3,3,1
1783369843,10879,7.9,3,1
1783369844,10994,4.3,3,1
1783369845,11107,8.6,3,1
1783369846,11222,4.6,3,1
1783369847,11309,333.7,3,0
1783369848,11309,1334.2,3,0
1783369849,11309,2334.8,3,0
1783369850,11309,3335.5,3,0
1783369851,11309,4335.9,3,0
1783369852,11309,5336.4,3,0
1783369853,11309,6337.7,3,0
1783369854,11309,7338.5,3,0
1783369855,11309,8339.4,3,0
1783369856,11309,9340.2,3,0
1783369857,11309,10340.7,3,0
1783369858,11312,0.2,3,1
1783369859,11425,0.8,3,1
1783369860,11540,7.4,3,1
1783369861,11572,733.2,1,1
1783369862,11660,8.3,3,1
1783369863,11743,288.8,1,1
1783369864,11799,0.2,3,1
1783369865,11914,3.7,3,1
1783369866,12026,7.5,3,1
1783369867,12141,0.9,3,1
1783369868,12255,1.1,3,1
1783369869,12369,2.6,3,1
1783369870,12483,0.6,3,1
1783369871,12596,5.2,3,1
1783369872,12710,4.9,3,1
1783369873,12824,2.6,3,1
1783369874,12936,3.8,3,1
1783369875,13049,2.7,3,1
1783369876,13163,4.7,3,1
1783369877,13276,3.9,3,1
1783369878,13391,1.7,3,1
1783369879,13504,1.8,3,1
1783369880,13519,0.7,3,1
1783369881,13633,6.6,3,1
1783369882,13748,1.6,3,1
1783369883,13860,9.4,3,1
1783369884,13977,3.1,3,1
1783369885,14088,5.1,3,1
1783369886,14203,0.8,3,1
1783369887,14320,6.2,3,1
1783369888,14433,6.5,3,1
1783369889,14550,5.0,3,1
1783369890,14664,4.4,3,1
1783369891,14777,7.6,3,1
1783369892,14885,66.9,1,1
1783369893,14901,6.6,3,1
1783369894,15016,2.1,3,1
1783369895,15132,5.7,3,1
1783369896,15246,7.7,3,1
1783369897,15297,566.3,1,1
1783369898,15380,6.6,3,1
1783369899,15495,4.9,3,1
1783369900,15609,7.0,3,1
1783369901,15725,4.6,3,1
1783369902,15839,5.1,3,1
1783369903,15956,6.4,3,1
1783369904,16071,6.5,3,1
1783369905,16187,0.3,3,1
1783369906,16300,8.0,3,1
1783369907,16416,2.5,3,1
1783369908,16530,2.7,3,1
1783369909,16570,659.2,1,1
1783369910,16675,1.7,3,1
1783369911,16788,5.8,3,1
1783369912,16903,3.9,3,1
1783369913,17018,6.1,3,1
1783369914,17131,3.5,3,1
1783369915,17246,6.5,3,1
1783369916,17361,5.4,3,1
1783369917,17474,5.5,3,1
1783369918,17588,7.7,3,1
1783369919,17703,0.6,3,1
1783369920,17817,3.4,3,1
1783369921,17930,0.7,3,1
1783369922,18043,5.7,3,1
1783369923,18158,0.7,3,1
1783369924,18272,5.8,3,1
1783369925,18387,6.3,3,1
1783369926,18502,6.9,3,1
1783369927,18617,2.0,3,1
1783369928,18731,3.8,3,1
1783369929,18844,5.5,3,1
1783369930,18960,0.4,3,1
1783369931,19075,2.0,3,1
1783369932,19189,4.5,3,1
1783369933,19291,7.4,3,1
1783369934,19405,2.9,3,1
1783369935,19519,4.7,3,1
1783369936,19634,2.9,3,1
1783369937,19748,4.4,3,1
1783369938,19861,7.7,3,1
1783369939,19973,4.5,3,1
1783369940,20087,5.5,3,1
1783369941,20202,2.3,3,1
1783369942,20315,7.6,3,1
1783369943,20430,0.3,3,1
1783369944,20545,5.8,3,1
1783369945,20658,6.7,3,1
1783369946,20773,6.5,3,1
1783369947,20887,1.9,3,1
1783369948,21002,4.5,3,1
1783369949,21118,1.0,3,1
1783369950,21232,5.3,3,1
1783369951,21348,1.2,3,1
1783369952,21462,6.3,3,1
1783369953,21578,2.6,3,1
1783369954,21693,5.9,3,1
1783369955,21806,7.4,3,1
1783369956,21920,7.0,3,1
1783369957,22034,4.0,3,1
1783369958,22148,9.0,3,1
1783369959,22263,5.9,3,1
1783369960,22376,7.6,3,1
1783369961,22491,2.4,3,1
1783369962,22605,3.6,3,1
1783369963,22719,7.0,3,1
1783369964,22833,1.9,3,1
1783369965,22947,3.6,3,1
1783369966,23061,1.0,3,1
1783369967,23176,8.6,3,1
1783369968,23290,7.7,3,1
1783369969,23406,1.0,3,1
1783369970,23519,3.2,3,1
1783369971,23633,7.1,3,1
1783369972,23747,7.8,3,1
1783369973,23860,7.6,3,1
1783369974,23975,5.4,3,1
1783369975,24089,6.4,3,1
1783369976,24201,1.5,3,1
1783369977,24313,6.5,3,1
1783369978,24427,8.1,3,1
1783369979,24543,1.7,3,1
1783369980,24657,1.6,3,1
1783369981,24772,2.9,3,1
1783369982,24886,3.6,3,1
1783369983,24998,8.9,3,1
1783369984,25112,0.3,3,1
1783369985,25226,6.8,3,1
1783369986,25340,6.3,3,1
1783369987,25455,2.0,3,1
1783369988,25569,6.2,3,1
1783369989,25683,8.1,3,1
1783369990,25798,8.5,3,1
1783369991,25914,5.6,3,1
1783369992,26028,5.2,3,1
1783369993,26141,5.5,3,1
1783369994,26255,3.5,3,1
1783369995,26370,5.0,3,1
1783369996,26484,7.6,3,1
1783369997,26598,1.8,3,1
1783369998,26712,5.4,3,1
1783369999,26827,6.4,3,1
1783370000,26942,1.7,3,1
1783370001,27057,1.6,3,1
1783370002,27170,8.5,3,1
1783370003,27285,7.2,3,1
1783370004,27401,7.9,3,1
1783370005,27517,5.7,3,1
1783370006,27620,3.6,3,1
1783370007,27733,6.2,3,1
1783370008,27847,4.0,3,1
1783370009,27962,3.6,3,1
1783370010,28076,5.5,3,1
1783370011,28192,1.0,3,1
1783370012,28307,4.5,3,1
1783370013,28422,6.5,3,1
1783370014,28538,1.3,3,1
1783370015,28652,0.3,3,1
1783370016,28765,4.0,3,1
1783370017,28880,7.5,3,1
1783370018,28994,5.7,3,1
1783370019,29109,8.8,3,1
1783370020,29226,3.8,3,1
1783370021,29339,5.3,3,1
1783370022,29454,2.9,3,1
1783370023,29568,1.4,3,1
1783370024,29681,0.5,3,1
1783370025,29795,3.1,3,1
1783370026,29910,1.9,3,1
1783370027,30024,6.1,3,1
1783370028,30138,7.7,3,1
1783370029,30253,7.9,3,1
1783370030,30368,3.9,3,1
1783370031,30483,0.4,3,1
1783370032,30595,6.3,3,1
1783370033,30709,4.7,3,1
1783370034,30823,8.4,3,1
1783370035,30939,1.9,3,1
1783370036,31053,8.5,3,1
1783370037,31168,2.1,3,1
1783370038,31280,3.0,3,1
1783370039,31395,3.9,3,1
1783370040,31509,1.2,3,1
1783370041,31621,7.3,3,1
1783370042,31736,4.9,3,1
1783370043,31850,1.0,3,1
1783370044,31964,7.0,3,1
1783370045,32077,6.6,3,1
1783370046,32191,4.7,3,1
1783370047,32305,3.7,3,1
1783370048,32421,1.7,3,1
1783370049,32534,6.6,3,1
1783370050,32649,5.1,3,1
1783370051,32764,4.5,3,1
1783370052,32880,1.2,3,1
1783370053,32994,3.9,3,1
1783370054,33109,6.4,3,1
1783370055,33223,3.1,3,1
1783370056,33336,4.5,3,1
1783370057,33451,0.3,3,1
1783370058,33566,0.8,3,1
1783370059,33680,5.5,3,1
1783370060,33794,5.3,3,1
1783370061,33908,7.0,3,1
1783370062,34024,6.6,3,1
1783370063,34138,4.3,3,1
1783370064,34252,2.1,3,1
1783370065,34368,2.0,3,1
1783370066,34482,3.9,3,1
1783370067,34594,5.8,3,1
1783370068,34708,6.3,3,1
1783370069,34823,2.8,3,1
1783370070,34939,8.9,3,1
1783370071,35052,8.0,3,1
1783370072,35166,7.7,3,1
1783370073,35281,7.3,3,1
1783370074,35397,0.3,3,1
1783370075,35510,1.8,3,1
1783370076,35624,0.9,3,1
1783370077,35728,7.8,3,1
1783370078,35843,0.7,3,1
1783370079,35956,4.2,3,1
1783370080,36070,6.5,3,1
1783370081,36186,1.5,3,1
1783370082,36300,3.4,3,1
1783370083,36413,4.6,3,1
1783370084,36527,6.0,3,1
1783370085,36641,2.6,3,1
1783370086,36755,1.3,3,1
1783370087,36869,8.4,3,1
1783370088,36983,7.5,3,1
1783370089,37097,7.7,3,1
